{
  "n_train_families": 10,
  "train_families": [
    "authed_injection",
    "chained_exploit",
    "default_pw",
    "injection_login",
    "leak_authed_privesc",
    "leak_file",
    "rce_shell",
    "upload_default_privesc",
    "upload_default_shell",
    "upload_leak_shell"
  ],
  "unseen_chain_families": [
    "leak_login",
    "rce_privesc"
  ],
  "oracle_subset_sizes": {
    "oracle_all": 482,
    "oracle_unseen_chain": 235,
    "oracle_unseen_instance": 247
  },
  "repeats_per_k": 6,
  "family_count_curve": [
    {
      "k_families": 1,
      "n_train_rows_mean": 384.0,
      "oracle_all": {
        "pairwise_accuracy": {
          "mean": 0.6416165664662659,
          "std": 0.24968046418908338,
          "min": 0.09018036072144289,
          "max": 0.7975951903807615
        },
        "rank_accuracy": {
          "mean": 0.5560165975103736,
          "std": 0.25000358691893726,
          "min": 0.002074688796680498,
          "max": 0.7053941908713693
        }
      },
      "oracle_unseen_chain": {
        "pairwise_accuracy": {
          "mean": 0.6033333333333334,
          "std": 0.24695928589321944,
          "min": 0.06,
          "max": 0.78
        },
        "rank_accuracy": {
          "mean": 0.5460992907801417,
          "std": 0.24588561451574065,
          "min": 0.0,
          "max": 0.7021276595744681
        }
      },
      "oracle_unseen_instance": {
        "pairwise_accuracy": {
          "mean": 0.6800535475234271,
          "std": 0.25325275588721796,
          "min": 0.12048192771084337,
          "max": 0.8152610441767069
        },
        "rank_accuracy": {
          "mean": 0.5654520917678812,
          "std": 0.25459618243086474,
          "min": 0.004048582995951417,
          "max": 0.7246963562753036
        }
      }
    },
    {
      "k_families": 2,
      "n_train_rows_mean": 760.0,
      "oracle_all": {
        "pairwise_accuracy": {
          "mean": 0.8156312625250502,
          "std": 0.029407295528463783,
          "min": 0.7775551102204409,
          "max": 0.8577154308617234
        },
        "rank_accuracy": {
          "mean": 0.6708160442600276,
          "std": 0.038454879044143415,
          "min": 0.6286307053941909,
          "max": 0.7240663900414938
        }
      },
      "oracle_unseen_chain": {
        "pairwise_accuracy": {
          "mean": 0.7633333333333333,
          "std": 0.04955356249106171,
          "min": 0.7,
          "max": 0.84
        },
        "rank_accuracy": {
          "mean": 0.5815602836879433,
          "std": 0.05584402747526105,
          "min": 0.5319148936170213,
          "max": 0.6595744680851063
        }
      },
      "oracle_unseen_instance": {
        "pairwise_accuracy": {
          "mean": 0.8681392235609101,
          "std": 0.012996310467836421,
          "min": 0.8554216867469879,
          "max": 0.8835341365461847
        },
        "rank_accuracy": {
          "mean": 0.7557354925775979,
          "std": 0.023452290414281728,
          "min": 0.7206477732793523,
          "max": 0.7854251012145749
        }
      }
    },
    {
      "k_families": 3,
      "n_train_rows_mean": 1336.0,
      "oracle_all": {
        "pairwise_accuracy": {
          "mean": 0.8219772879091516,
          "std": 0.045952806413205614,
          "min": 0.7575150300601202,
          "max": 0.8797595190380761
        },
        "rank_accuracy": {
          "mean": 0.7015905947441218,
          "std": 0.03052488591694797,
          "min": 0.6597510373443983,
          "max": 0.7344398340248963
        }
      },
      "oracle_unseen_chain": {
        "pairwise_accuracy": {
          "mean": 0.7666666666666666,
          "std": 0.06394442031083626,
          "min": 0.66,
          "max": 0.86
        },
        "rank_accuracy": {
          "mean": 0.6134751773049646,
          "std": 0.022706114317137763,
          "min": 0.574468085106383,
          "max": 0.6382978723404256
        }
      },
      "oracle_unseen_instance": {
        "pairwise_accuracy": {
          "mean": 0.8775100401606425,
          "std": 0.04152631156424658,
          "min": 0.7951807228915663,
          "max": 0.927710843373494
        },
        "rank_accuracy": {
          "mean": 0.7854251012145749,
          "std": 0.046397067308154086,
          "min": 0.7004048582995951,
          "max": 0.8299595141700404
        }
      }
    },
    {
      "k_families": 4,
      "n_train_rows_mean": 1560.0,
      "oracle_all": {
        "pairwise_accuracy": {
          "mean": 0.8206412825651302,
          "std": 0.03554408258816425,
          "min": 0.7715430861723447,
          "max": 0.8577154308617234
        },
        "rank_accuracy": {
          "mean": 0.7140387275242048,
          "std": 0.043377316752581815,
          "min": 0.6203319502074689,
          "max": 0.7468879668049793
        }
      },
      "oracle_unseen_chain": {
        "pairwise_accuracy": {
          "mean": 0.7666666666666667,
          "std": 0.03590109871423003,
          "min": 0.72,
          "max": 0.82
        },
        "rank_accuracy": {
          "mean": 0.6276595744680852,
          "std": 0.040275945714895546,
          "min": 0.5531914893617021,
          "max": 0.6808510638297872
        }
      },
      "oracle_unseen_instance": {
        "pairwise_accuracy": {
          "mean": 0.8748326639892904,
          "std": 0.04182730870138686,
          "min": 0.8032128514056225,
          "max": 0.9116465863453815
        },
        "rank_accuracy": {
          "mean": 0.7962213225371119,
          "std": 0.05495080451147727,
          "min": 0.6842105263157895,
          "max": 0.8461538461538461
        }
      }
    },
    {
      "k_families": 5,
      "n_train_rows_mean": 1976.0,
      "oracle_all": {
        "pairwise_accuracy": {
          "mean": 0.8450233800935204,
          "std": 0.02863854523744289,
          "min": 0.7975951903807615,
          "max": 0.875751503006012
        },
        "rank_accuracy": {
          "mean": 0.7389349930843707,
          "std": 0.02086469549314743,
          "min": 0.7136929460580913,
          "max": 0.7738589211618258
        }
      },
      "oracle_unseen_chain": {
        "pairwise_accuracy": {
          "mean": 0.7833333333333333,
          "std": 0.04068851871911233,
          "min": 0.72,
          "max": 0.82
        },
        "rank_accuracy": {
          "mean": 0.6276595744680852,
          "std": 0.023787957207444553,
          "min": 0.5957446808510638,
          "max": 0.6595744680851063
        }
      },
      "oracle_unseen_instance": {
        "pairwise_accuracy": {
          "mean": 0.9069611780455152,
          "std": 0.025549310152600164,
          "min": 0.8554216867469879,
          "max": 0.9317269076305221
        },
        "rank_accuracy": {
          "mean": 0.8448043184885289,
          "std": 0.02953585509883846,
          "min": 0.8137651821862348,
          "max": 0.8866396761133604
        }
      }
    },
    {
      "k_families": 6,
      "n_train_rows_mean": 2656.0,
      "oracle_all": {
        "pairwise_accuracy": {
          "mean": 0.8674014696058786,
          "std": 0.02590825779344946,
          "min": 0.8136272545090181,
          "max": 0.8917835671342685
        },
        "rank_accuracy": {
          "mean": 0.7714384508990318,
          "std": 0.01383558023771961,
          "min": 0.7531120331950207,
          "max": 0.7904564315352697
        }
      },
      "oracle_unseen_chain": {
        "pairwise_accuracy": {
          "mean": 0.8033333333333333,
          "std": 0.04678556282539399,
          "min": 0.72,
          "max": 0.84
        },
        "rank_accuracy": {
          "mean": 0.6418439716312057,
          "std": 0.028589566483328183,
          "min": 0.5957446808510638,
          "max": 0.6808510638297872
        }
      },
      "oracle_unseen_instance": {
        "pairwise_accuracy": {
          "mean": 0.931726907630522,
          "std": 0.018109436758324878,
          "min": 0.9076305220883534,